position,source_index,db_id,difficulty,question,evidence,predicted_sql_sft_with_evidence,predicted_sql_targeted_sft_with_evidence,gold_sql,change_ex_at_1_targeted_vs_original_with_evidence
8,8,debit_card_specializing,simple,How much did customer 6 consume in total between August and November 2013?,Between August And November 2013 refers to Between 201308 And 201311; The first 4 strings of the Date values in the yearmonth table can represent year; The 5th and 6th string of the date can refer to month.,SELECT SUM(Consumption) FROM yearmonth WHERE CustomerID = 6 AND Date BETWEEN '201308' AND '201311',SELECT SUM(Consumption) FROM yearmonth WHERE CustomerID = 6 AND Date LIKE '201308%' OR Date LIKE '201309%' OR Date LIKE '201310%' OR Date LIKE '201311%',SELECT SUM(Consumption) FROM yearmonth WHERE CustomerID = 6 AND Date BETWEEN '201308' AND '201311',regressed
24,24,debit_card_specializing,simple,What is the percentage of the customers who used EUR in 2012/8/25?,'2012/8/25' can be represented by '2012-08-25',SELECT CAST(SUM(CASE WHEN T2.Currency = 'EUR' THEN 1 ELSE 0 END) AS REAL) * 100 / COUNT(T1.CustomerID) FROM transactions_1k AS T1 INNER JOIN customers AS T2 ON T1.CustomerID = T2.CustomerID WHERE T1.Date = '2012-08-25',SELECT CAST(SUM(CASE WHEN T1.Currency = 'EUR' THEN 1 ELSE 0 END) AS REAL) * 100 / COUNT(T1.CustomerID) FROM customers AS T1 INNER JOIN yearmonth AS T2 ON T1.CustomerID = T2.CustomerID WHERE T2.Date = '2012-08-25',"SELECT CAST(SUM(IIF(T2.Currency = 'EUR', 1, 0)) AS FLOAT) * 100 / COUNT(T1.CustomerID) FROM transactions_1k AS T1 INNER JOIN customers AS T2 ON T1.CustomerID = T2.CustomerID WHERE T1.Date = '2012-08-25'",regressed
33,33,student_club,moderate,List all the names of events that had an attendance of over 20 students but were not fundraisers.,name of events refers to event_name; attendance of over 20 students COUNT(event_id) > 20.,SELECT T1.event_name FROM event AS T1 INNER JOIN attendance AS T2 ON T1.event_id = T2.link_to_event WHERE T1.type != 'fundraiser' GROUP BY T1.event_id HAVING COUNT(T2.link_to_member) > 20,SELECT T1.event_name FROM event AS T1 INNER JOIN attendance AS T2 ON T1.event_id = T2.link_to_event WHERE T1.type != 'fundraiser' GROUP BY T1.event_name HAVING COUNT(T2.link_to_member) > 20,SELECT T1.event_name FROM event AS T1 INNER JOIN attendance AS T2 ON T1.event_id = T2.link_to_event GROUP BY T1.event_id HAVING COUNT(T2.link_to_event) > 20 EXCEPT SELECT T1.event_name FROM event AS T1  WHERE T1.type = 'Fundraiser',regressed
38,38,student_club,moderate,Calculate the difference of the total amount spent in all events by the Student_Club in year 2019 and 2020.,"The first 4 strings of the event_date values in the event table can represent year; The difference of the total amount spent = SUBTRACT(spent where YEAR(event_date) = 2019, spent where YEAR(event_date) = 2020)","SELECT SUM(CASE WHEN STRFTIME('%Y', T1.event_date) = '2019' THEN T2.spent ELSE 0 END) - SUM(CASE WHEN STRFTIME('%Y', T1.event_date) = '2020' THEN T2.spent ELSE 0 END) FROM event AS T1 INNER JOIN budget AS T2 ON T1.event_id = T2.link_to_event","SELECT SUM(CASE WHEN STRFTIME('%Y', T1.event_date) = '2019' THEN T2.spent ELSE 0 END) - SUM(CASE WHEN STRFTIME('%Y', T1.event_date) = '2020' THEN T2.spent ELSE 0 END) FROM event AS T1 INNER JOIN budget AS T2 ON T1.event_id = T2.link_to_event WHERE T1.status = 'Completed' AND T2.event_status = 'Closed'","SELECT SUM(CASE WHEN SUBSTR(T1.event_date, 1, 4) = '2019' THEN T2.spent ELSE 0 END) - SUM(CASE WHEN SUBSTR(T1.event_date, 1, 4) = '2020' THEN T2.spent ELSE 0 END) AS num FROM event AS T1 INNER JOIN budget AS T2 ON T1.event_id = T2.link_to_event",regressed
67,67,student_club,simple,Mention the total expense used on 8/20/2019.,total expense refers SUM(cost) where expense_date = '2019-08-20',SELECT SUM(CASE WHEN expense_date = '2019-08-20' THEN cost ELSE 0 END) FROM expense,"SELECT SUM(CAST(REPLACE(SUBSTR(cost, 4), ',', '') AS REAL)) FROM expense WHERE expense_date = '2019-08-20'",SELECT SUM(cost) FROM expense WHERE expense_date = '2019-08-20',regressed
127,127,thrombosis_prediction,challenging,"For the patients with a normal range of creatinine phosphokinase, how many of them have a positive measure of degree of coagulation?",normal range of creatinine phosphokinase refers to CPK < 250; positive measure of degree of coagulation refers to KCT = '+' or RVVT = '+' or LAC = '+' ;,SELECT COUNT(T1.ID) FROM Examination AS T1 INNER JOIN Laboratory AS T2 ON T1.ID = T2.ID WHERE T2.CPK < 250 AND (T1.KCT = '+' OR T1.RVVT = '+' OR T1.LAC = '+'),SELECT COUNT(DISTINCT T1.ID) FROM Examination AS T1 INNER JOIN Laboratory AS T2 ON T1.ID = T2.ID WHERE T2.CPK < 250 AND (T1.KCT = '+' OR T1.RVVT = '+' OR T1.LAC = '+'),SELECT COUNT(T1.ID) FROM Patient AS T1 INNER JOIN Laboratory AS T2 ON T1.ID = T2.ID INNER JOIN Examination AS T3 ON T1.ID = T3.ID WHERE T2.CPK < 250 AND (T3.KCT = '+' OR T3.RVVT = '+' OR T3.LAC = '+'),regressed
132,132,european_football_2,challenging,"At present, calculate for the player's age who have a sprint speed of no less than 97 between 2013 to 2015.","players age at present = SUBTRACT((DATETIME(), birthday)); sprint speed of no less than 97 refers to sprint_speed > = 97; between 2013 to 2015 refers to YEAR(date) > = '2013' AND YEAR(date) < = '2015'; ","SELECT strftime('%Y', 'now') - strftime('%Y', T1.birthday) FROM Player AS T1 INNER JOIN Player_Attributes AS T2 ON T1.player_api_id = T2.player_api_id WHERE T2.sprint_speed >= 97 AND CAST(strftime('%Y', T2.date) AS int) BETWEEN 2013 AND 2015","SELECT strftime('%Y', 'now') - strftime('%Y', T1.birthday) FROM Player AS T1 INNER JOIN Player_Attributes AS T2 ON T1.player_api_id = T2.player_api_id WHERE T2.sprint_speed >= 97 AND T2.date LIKE '%/%/13%' OR T2.date LIKE '%/%/14%' OR T2.date LIKE '%/%/15%'","SELECT DISTINCT DATETIME() - T2.birthday age FROM Player_Attributes AS t1 INNER JOIN Player AS t2 ON t1.player_api_id = t2.player_api_id WHERE STRFTIME('%Y',t1.`date`) >= '2013' AND STRFTIME('%Y',t1.`date`) <= '2015' AND t1.sprint_speed >= 97",regressed
144,144,european_football_2,moderate,"From 2010 to 2015, what was the average overall rating of players who are higher than 170?","from 2010 to 2015 refers to strftime('%Y', date) >= '2010' AND <= '2015'; average overall rating = SUM(t2.overall_rating)/ COUNT(t2.id); higher than 170 refers to Player.height > 170;","SELECT CAST(SUM(T2.overall_rating) AS REAL) / COUNT(T2.id) FROM Player AS T1 INNER JOIN Player_Attributes AS T2 ON T1.player_api_id = T2.player_api_id WHERE strftime('%Y', T2.date) BETWEEN '2010' AND '2015' AND T1.height > 170",SELECT CAST(SUM(T2.overall_rating) AS REAL) / COUNT(T2.player_api_id) FROM Player AS T1 INNER JOIN Player_Attributes AS T2 ON T1.player_api_id = T2.player_api_id WHERE T1.height > 170 AND T2.date LIKE '%/%/10' OR T2.date LIKE '%/%/11' OR T2.date LIKE '%/%/12' OR T2.date LIKE '%/%/13' OR T2.date LIKE '%/%/14' OR T2.date LIKE '%/%/15',"SELECT CAST(SUM(t2.overall_rating) AS REAL) / COUNT(t2.id) FROM Player AS t1 INNER JOIN Player_Attributes AS t2 ON t1.player_api_id = t2.player_api_id WHERE t1.height > 170 AND STRFTIME('%Y',t2.`date`) >= '2010' AND STRFTIME('%Y',t2.`date`) <= '2015'",regressed
203,203,formula_1,simple,How old is the youngest Japanese driver? What is his name?,"date of birth refers to drivers.dob; The larger the birthday value, the younger the person is, and vice versa; Japanese refers to nationality = 'Japanese'; age = YEAR(CURRENT_TIMESTAMP) - YEAR(dob);","SELECT SUBSTR(CURRENT_DATE, 1, INSTR(CURRENT_DATE, '-') - 1) - SUBSTR(dob, 1, INSTR(dob, '-') - 1), forename, surname FROM drivers WHERE nationality = 'Japanese' ORDER BY dob DESC LIMIT 1","SELECT T1.forename, T1.surname FROM drivers AS T1 WHERE T1.nationality = 'Japanese' ORDER BY T1.dob DESC LIMIT 1","SELECT STRFTIME('%Y', CURRENT_TIMESTAMP) - STRFTIME('%Y', dob), forename , surname FROM drivers WHERE nationality = 'Japanese' ORDER BY dob DESC LIMIT 1",regressed
220,220,formula_1,simple,What are the maximum points of British constructors?,maximum points = MAX(points); British is a nationality,SELECT T1.points FROM constructorStandings AS T1 INNER JOIN constructors AS T2 ON T1.constructorid = T2.constructorid WHERE T2.nationality = 'British' ORDER BY T1.points DESC LIMIT 1,SELECT SUM(T1.points) FROM constructorStandings AS T1 INNER JOIN constructors AS T2 ON T1.constructorid = T2.constructorid WHERE T2.nationality = 'British',SELECT MAX(T1.points) FROM constructorStandings AS T1 INNER JOIN constructors AS T2 on T1.constructorId = T2.constructorId WHERE T2.nationality = 'British',regressed
241,241,formula_1,challenging,What is full name of the racer who ranked 1st in the 3rd qualifying race held in the Marina Bay Street Circuit in 2008?,"Ranked 1st in the 3rd qualifying race refer to MIN(q3); 2008 is the year of race; full name of racer = forename, surname","SELECT T4.forename, T4.surname FROM races AS T1 INNER JOIN circuits AS T2 ON T1.circuitid = T2.circuitid INNER JOIN qualifying AS T3 ON T1.raceid = T3.raceid INNER JOIN drivers AS T4 ON T3.driverid = T4.driverid WHERE T1.year = 2008 AND T2.name = 'Marina Bay Street Circuit' AND T3.position = 1 ORDER BY T3.q3 LIMIT 1","SELECT T4.forename, T4.surname FROM races AS T1 INNER JOIN circuits AS T2 ON T1.circuitid = T2.circuitid INNER JOIN qualifying AS T3 ON T1.raceid = T3.raceid INNER JOIN drivers AS T4 ON T3.driverid = T4.driverid WHERE T1.year = 2008 AND T2.name = 'Marina Bay Street' AND T3.position = 1 AND T3.q3 IS NOT NULL ORDER BY T3.q3 LIMIT 1","SELECT T2.forename, T2.surname FROM qualifying AS T1 INNER JOIN drivers AS T2 on T1.driverId = T2.driverId INNER JOIN races AS T3 ON T1.raceid = T3.raceid WHERE q3 IS NOT NULL AND T3.year = 2008 AND T3.circuitId IN ( SELECT circuitId FROM circuits WHERE name = 'Marina Bay Street Circuit' ) ORDER BY CAST(SUBSTR(q3, 1, INSTR(q3, ':') - 1) AS INTEGER) * 60 + CAST(SUBSTR(q3, INSTR(q3, ':') + 1, INSTR(q3, '.') - INSTR(q3, ':') - 1) AS REAL) + CAST(SUBSTR(q3, INSTR(q3, '.') + 1) AS REAL) / 1000 ASC LIMIT 1",regressed
252,252,superhero,moderate,Which publisher published the slowest superhero?,the slowest superhero refers to attribute_name = 'Speed' where MIN(attribute_value); publisher refers to publisher_name,"SELECT T.publisher_name FROM ( SELECT T3.publisher_name, T2.attribute_value FROM superhero AS T1 INNER JOIN hero_attribute AS T2 ON T1.id = T2.hero_id INNER JOIN publisher AS T3 ON T1.publisher_id = T3.id INNER JOIN attribute AS T4 ON T2.attribute_id = T4.id WHERE T4.attribute_name = 'Speed' ORDER BY T2.attribute_value LIMIT 1 ) t","SELECT T.publisher_name FROM ( SELECT T2.publisher_name, T1.attribute_value FROM hero_attribute AS T1 INNER JOIN superhero AS T2 ON T1.hero_id = T2.id INNER JOIN attribute AS T3 ON T1.attribute_id = T3.id WHERE T3.attribute_name = 'Speed' ORDER BY T1.attribute_value LIMIT 1 ) t",SELECT T2.publisher_name FROM superhero AS T1 INNER JOIN publisher AS T2 ON T1.publisher_id = T2.id INNER JOIN hero_attribute AS T3 ON T1.id = T3.hero_id INNER JOIN attribute AS T4 ON T3.attribute_id = T4.id WHERE T4.attribute_name = 'Speed' ORDER BY T3.attribute_value LIMIT 1,regressed
254,254,superhero,moderate,Who is the dumbest superhero?,the dumbest superhero refers to MIN(attribute_value) where attribute_name = 'Intelligence',SELECT T2.superhero_name FROM hero_attribute AS T1 INNER JOIN superhero AS T2 ON T1.hero_id = T2.id INNER JOIN attribute AS T3 ON T1.attribute_id = T3.id WHERE T3.attribute_name = 'Intelligence' ORDER BY T1.attribute_value LIMIT 1,SELECT T2.superhero_name FROM hero_attribute AS T1 INNER JOIN superhero AS T2 ON T1.hero_id = T2.id WHERE T1.attribute_id = 3 ORDER BY T1.attribute_value ASC LIMIT 1,SELECT T1.superhero_name FROM superhero AS T1 INNER JOIN hero_attribute AS T2 ON T1.id = T2.hero_id INNER JOIN attribute AS T3 ON T2.attribute_id = T3.id WHERE T3.attribute_name = 'Intelligence' ORDER BY T2.attribute_value LIMIT 1,regressed
282,282,superhero,moderate,Calculate the difference between Emil Blonsky's weight and Charles Chandler's weight.,"difference = SUBTRACT(SUM(weight_kg WHERE full_name = 'Emil Blonsky'), SUM(weight_kg WHERE full_name = 'Charles Chandler')); Emil Blonsky is the full name of superhero; Charles Chandler is the full name of superhero;",SELECT SUM(CASE WHEN T1.full_name = 'Emil Blonsky' THEN T1.weight_kg ELSE 0 END) - SUM(CASE WHEN T1.full_name = 'Charles Chandler' THEN T1.weight_kg ELSE 0 END) FROM superhero AS T1 INNER JOIN hero_power AS T2 ON T1.id = T2.hero_id INNER JOIN superpower AS T3 ON T2.power_id = T3.id WHERE T3.power_name LIKE '%strength%',SELECT SUM(CASE WHEN T1.full_name = 'Emil Blonsky' THEN T1.weight_kg ELSE 0 END) - SUM(CASE WHEN T1.full_name = 'Charles Chandler' THEN T1.weight_kg ELSE 0 END) FROM superhero AS T1 INNER JOIN hero_power AS T2 ON T1.id = T2.hero_id INNER JOIN superpower AS T3 ON T2.power_id = T3.id WHERE T3.power_name = 'Flight',SELECT ( SELECT weight_kg FROM superhero WHERE full_name LIKE 'Emil Blonsky' ) - ( SELECT weight_kg FROM superhero WHERE full_name LIKE 'Charles Chandler' ) AS CALCULATE,regressed
302,302,codebase_community,moderate,"What is the display name of the user who last edited the post ""Examples for teaching: Correlation does not mean causation""?","""Examples for teaching: Correlation does not mean causation"" is the Title of post; user who last edited refers to LastEditorUserId",SELECT T2.DisplayName FROM posts AS T1 INNER JOIN users AS T2 ON T1.LastEditorUserId = T2.Id WHERE T1.Title = 'Examples for teaching: Correlation does not mean causation',SELECT T1.LastEditorDisplayName FROM posts AS T1 INNER JOIN users AS T2 ON T1.LastEditorUserId = T2.Id WHERE T1.Title = 'Examples for teaching: Correlation does not mean causation',SELECT T2.DisplayName FROM posts AS T1 INNER JOIN users AS T2 ON T1.LastEditorUserId = T2.Id WHERE T1.Title = 'Examples for teaching: Correlation does not mean causation',regressed
333,333,codebase_community,moderate,"Among the users located in United Kingdom, how many users whose post have a total favorite amount of 4 or more?",favorite amount of 4 or more refers to FavoriteCount > = 4; Location = 'United Kingdom';,SELECT COUNT(T1.Id) FROM users AS T1 INNER JOIN posts AS T2 ON T1.Id = T2.OwnerUserId WHERE T1.Location = 'United Kingdom' AND T2.FavoriteCount >= 4,SELECT COUNT(T1.Id) FROM users AS T1 INNER JOIN posts AS T2 ON T1.Id = T2.OwnerUserId WHERE T1.Location = 'United Kingdom' AND T2.FavoriteCount >= 4 GROUP BY T1.DisplayName,SELECT COUNT(T1.Id) FROM users AS T1 INNER JOIN posts AS T2 ON T1.Id = T2.OwnerUserId WHERE T1.Location = 'United Kingdom' AND T2.FavoriteCount >= 4,regressed
363,363,card_games,moderate,"What is the mana cost of cards with a normal layout, a 2003 frame version, with a black border color, and available in paper and mtgo?","available in paper and mtgo refers to availability = 'mtgo,paper'; frameVersion = 2003;borderColor = 'black'","SELECT manaCost FROM cards WHERE layout = 'normal' AND frameVersion = '2003' AND borderColor = 'black' AND availability = 'mtgo,paper'","SELECT manaCost FROM cards WHERE layout = 'normal' AND frameVersion = '2003' AND borderColor = 'black' AND availability = 'paper,mtgo'","SELECT manaCost FROM cards WHERE availability = 'mtgo,paper' AND borderColor = 'black' AND frameVersion = 2003 AND layout = 'normal'",regressed
383,383,card_games,moderate,"Among the sets in the block ""Ice Age"", how many of them have an Italian translation?","sets in the block ""Ice Age"" refers to block = 'Ice Age'; Italian translation refers to language = 'Italian' and translation is not null",SELECT COUNT(T1.id) FROM set_translations AS T1 INNER JOIN sets AS T2 ON T1.setCode = T2.code WHERE T2.block = 'Ice Age' AND T1.language = 'Italian' AND T1.translation IS NOT NULL,SELECT COUNT(T1.setCode) FROM sets AS T1 INNER JOIN set_translations AS T2 ON T1.code = T2.setCode WHERE T1.block = 'Ice Age' AND T2.language = 'Italian' AND T2.translation IS NOT NULL,SELECT COUNT(DISTINCT T1.id) FROM sets AS T1 INNER JOIN set_translations AS T2 ON T2.setCode = T1.code WHERE T1.block = 'Ice Age' AND T2.language = 'Italian' AND T2.translation IS NOT NULL,regressed
392,392,card_games,challenging,What is the percentage of incredibly powerful cards in the set Coldsnap?,"card set Coldsnap refers to name = 'Coldsnap'; foil is incredibly powerful refers to cardKingdomFoilId is not null AND cardKingdomId is not null; the percentage of incredibly powerful cards in the set refers to DIVIDE(SUM(incredibly powerful), SUM(name = 'Coldsnap'))*100",SELECT CAST(SUM(CASE WHEN T2.cardKingdomFoilId IS NOT NULL THEN 1 ELSE 0 END) AS REAL) * 100 / COUNT(T1.id) FROM sets AS T1 INNER JOIN cards AS T2 ON T1.code = T2.setCode WHERE T1.name = 'Coldsnap',SELECT CAST(COUNT(CASE WHEN cardKingdomFoilId IS NOT NULL THEN 1 ELSE NULL END) AS REAL) * 100 / COUNT(*) FROM cards WHERE setCode = 'Coldsnap',SELECT CAST(SUM(CASE WHEN T1.cardKingdomFoilId IS NOT NULL AND T1.cardKingdomId IS NOT NULL THEN 1 ELSE 0 END) AS REAL) * 100 / COUNT(T1.id) FROM cards AS T1 INNER JOIN sets AS T2 ON T2.code = T1.setCode WHERE T2.name = 'Coldsnap',regressed
419,419,toxicology,moderate,What are the bond type and the atoms of the bond ID of TR001_6_9?,atoms refer to atom_id or atom_id2,"SELECT T1.bond_type, T3.atom_id, T4.atom_id FROM bond AS T1 INNER JOIN connected AS T2 ON T1.bond_id = T2.bond_id INNER JOIN atom AS T3 ON T2.atom_id = T3.atom_id INNER JOIN atom AS T4 ON T2.atom_id2 = T4.atom_id WHERE T2.bond_id = 'TR001_6_9'","SELECT T1.bond_type, T3.element, T4.element FROM bond AS T1 INNER JOIN connected AS T2 ON T1.bond_id = T2.bond_id INNER JOIN atom AS T3 ON T2.atom_id = T3.atom_id INNER JOIN atom AS T4 ON T2.atom_id2 = T4.atom_id WHERE T2.bond_id = 'TR001_6_9'","SELECT T1.bond_type, T2.atom_id, T2.atom_id2 FROM bond AS T1 INNER JOIN connected AS T2 ON T1.bond_id = T2.bond_id WHERE T2.bond_id = 'TR001_6_9'",regressed
439,439,california_schools,simple,Please list the codes of the schools with a total enrollment of over 500.,Total enrollment can be represented by `Enrollment (K-12)` + `Enrollment (Ages 5-17)`,SELECT DISTINCT T1.CDSCode FROM frpm AS T1 INNER JOIN schools AS T2 ON T1.CDSCode = T2.CDSCode WHERE T1.`Enrollment (K-12)` + T1.`Enrollment (Ages 5-17)` > 500,SELECT DISTINCT CDSCode FROM frpm WHERE Enrollment_K_12 + Enrollment_Ages_5_17 > 500,SELECT T2.CDSCode FROM schools AS T1 INNER JOIN frpm AS T2 ON T1.CDSCode = T2.CDSCode WHERE T2.`Enrollment (K-12)` + T2.`Enrollment (Ages 5-17)` > 500,regressed
456,456,california_schools,simple,Which state special schools have the highest number of enrollees from grades 1 through 12?,State Special Schools refers to DOC = 31; Grades 1 through 12 means K-12,SELECT T1.School FROM schools AS T1 INNER JOIN frpm AS T2 ON T1.CDSCode = T2.CDSCode WHERE T1.DOC = 31 AND T2.`High Grade` = '12' ORDER BY T2.`Enrollment (K-12)` DESC LIMIT 1,SELECT T1.School FROM schools AS T1 INNER JOIN frpm AS T2 ON T1.CDSCode = T2.CDSCode WHERE T1.DOC = 31 AND T2.`Low Grade` = 'K' AND T2.`High Grade` = '12' ORDER BY T2.`Enrollment (K-12)` DESC LIMIT 1,SELECT T2.School FROM frpm AS T1 INNER JOIN schools AS T2 ON T1.CDSCode = T2.CDSCode WHERE T2.DOC = 31 ORDER BY T1.`Enrollment (K-12)` DESC LIMIT 1,regressed
485,485,financial,moderate,How many accounts have running contracts in Branch location 1?,"Status = 'C' stands for running contract, OK so far; Status = 'D' stands for running contract, client in debt","SELECT COUNT(T1.account_id) FROM loan AS T1 INNER JOIN account AS T2 ON T1.account_id = T2.account_id WHERE T2.district_id = 1 AND T1.status IN ('C', 'D')",SELECT COUNT(T1.account_id) FROM loan AS T1 INNER JOIN account AS T2 ON T1.account_id = T2.account_id WHERE T1.status = 'C' AND T2.district_id = 1,SELECT COUNT(T1.account_id) FROM account AS T1 INNER JOIN district AS T2 ON T1.district_id = T2.district_id INNER JOIN loan AS T3 ON T1.account_id = T3.account_id WHERE T1.district_id = 1 AND (T3.status = 'C' OR T3.status = 'D'),regressed
488,488,financial,challenging,"Please list the account types that are not eligible for loans, and the average income of residents in the district where the account is located exceeds $8000 but is no more than $9000.","A11 represents the average salary; Salary and income share the similar meanings; when the account type = 'OWNER', it's eligible for loans",SELECT DISTINCT T1.type FROM disp AS T1 INNER JOIN account AS T2 ON T1.account_id = T2.account_id INNER JOIN district AS T3 ON T2.district_id = T3.district_id WHERE T1.type != 'OWNER' AND T3.A11 BETWEEN 8000 AND 9000,"SELECT T1.type, AVG(T2.A11) FROM disp AS T1 INNER JOIN district AS T2 ON T1.district_id = T2.district_id WHERE T1.type != 'OWNER' AND T2.A11 BETWEEN 8000 AND 9000 GROUP BY T1.type",SELECT T3.type FROM district AS T1 INNER JOIN account AS T2 ON T1.district_id = T2.district_id INNER JOIN disp AS T3 ON T2.account_id = T3.account_id WHERE T3.type != 'OWNER' AND T1.A11 BETWEEN 8000 AND 9000,regressed
499,499,financial,moderate,"From Year 1995 to 2000, who are the accounts holders from 'east Bohemia'. State the account ID the frequency of statement issuance.",Accounts holder refers to the person who own this account.,"SELECT T1.account_id, T1.frequency FROM account AS T1 INNER JOIN disp AS T2 ON T1.account_id = T2.account_id INNER JOIN client AS T3 ON T2.client_id = T3.client_id INNER JOIN district AS T4 ON T3.district_id = T4.district_id WHERE STRFTIME('%Y', T1.date) BETWEEN '1995' AND '2000' AND T4.A3 = 'east Bohemia' GROUP BY T1.account_id, T1.frequency","SELECT T1.account_id, T1.frequency FROM account AS T1 INNER JOIN disp AS T2 ON T1.account_id = T2.account_id INNER JOIN client AS T3 ON T2.client_id = T3.client_id INNER JOIN district AS T4 ON T3.district_id = T4.district_id WHERE STRFTIME('%Y', T1.date) BETWEEN '1995' AND '2000' AND T4.A2 = 'east Bohemia' GROUP BY T1.account_id, T1.frequency","SELECT T1.account_id, T1.frequency FROM account AS T1 INNER JOIN district AS T2 ON T1.district_id = T2.district_id WHERE T2.A3 = 'east Bohemia' AND STRFTIME('%Y', T1.date) BETWEEN '1995' AND '2000'",regressed
